CREATE TABLE ADMIN_DDA_CUT_OFF_DATE_INFO 
   (	ADMIN_DDA_CUT_OFF_DATE_INFO_ID BIGINT PRIMARY KEY auto_increment,  
	ADMIN_FUNCTION_INFO_ID BIGINT, 
	CUT_OFF_DATE NUMERIC(2,0), 
	CREATED_SOURCE VARCHAR(10), 
	CREATED_BY NUMERIC(15,0), 
	CREATED_TS TIMESTAMP, 
	UPDATED_SOURCE VARCHAR(10), 
	UPDATED_BY NUMERIC(15,0), 
	UPDATED_TS TIMESTAMP, 
	PUBLISH_DATE TIMESTAMP (6)
   );
   
  CREATE TABLE ADMIN_DDA_CUT_OFF_DATE_TXN 
   (	ADMIN_DDA_CUT_OFF_DATE_ID BIGINT PRIMARY KEY auto_increment,  
	ADMIN_TXN_ID BIGINT, 
	TRANS_NBR VARCHAR(20), 
	TRANS_DATE DATE, 
	TRANS_STATUS VARCHAR(3), 
	CUT_OFF_DATE_NEW NUMERIC(2,0), 
	CUT_OFF_DATE_OLD NUMERIC(2,0), 
	PUBLISH_DATE DATE, 
	CREATED_SOURCE VARCHAR(10), 
	CREATED_BY NUMERIC(15,0), 
	CREATED_TS TIMESTAMP, 
	UPDATED_SOURCE VARCHAR(10), 
	UPDATED_BY NUMERIC(15,0), 
	UPDATED_TS TIMESTAMP, 
	PUBLISH_TYPE VARCHAR(1), 
	ADMIN_FUNCTION_INFO_ID NUMERIC(15,0), 
	PUBLISH_DATE_OLD DATE
   )
   ;
   
  CREATE TABLE ADMIN_PARAM_INFO 
   (	ADMIN_PARAM_INFO_ID BIGINT PRIMARY KEY auto_increment, 
	ADMIN_FUNCTION_INFO_ID BIGINT,
	PARAM_NAME VARCHAR(100),
	PARAM_VALUE VARCHAR(100),
	CREATED_SOURCE VARCHAR(10), 
	CREATED_BY BIGINT, 
	CREATED_TS TIMESTAMP, 
	UPDATED_SOURCE VARCHAR(10), 
	UPDATED_BY BIGINT, 
	UPDATED_TS TIMESTAMP, 
	PUBLISH_DATE TIMESTAMP
   )  
   ;
  CREATE TABLE ADMIN_PARAM_TXN 
   (	ADMIN_PARAM_TXN_ID BIGINT PRIMARY KEY auto_increment, 
	ADMIN_TXN_ID BIGINT, 
	TRANS_NBR VARCHAR(20), 
	TRANS_DATE DATE, 
	TRANS_STATUS VARCHAR(3), 
	PARAM_VALUE_NEW BIGINT, 
	PARAM_VALUE_OLD BIGINT, 
	PUBLISH_DATE DATE, 
	CREATED_SOURCE VARCHAR(10), 
	CREATED_BY BIGINT, 
	CREATED_TS TIMESTAMP, 
	UPDATED_SOURCE VARCHAR(10), 
	UPDATED_BY BIGINT, 
	UPDATED_TS TIMESTAMP, 
	PUBLISH_TYPE CHAR(1), 
	ADMIN_FUNCTION_INFO_ID BIGINT, 
	PUBLISH_DATE_OLD DATE
   )  
   ;
  CREATE TABLE ADMIN_EMAIL_TEMPL_INFO 
   (	ADMIN_EMAIL_TEMPL_INFO_ID BIGINT PRIMARY KEY auto_increment, 
	ADMIN_FUNCTION_INFO_ID BIGINT, 
	SUBJECT VARCHAR(1000), 
	EMAIL_MSG VARCHAR(3000), 
	CREATED_SOURCE VARCHAR(10), 
	CREATED_BY BIGINT, 
	CREATED_TS TIMESTAMP, 
	UPDATED_SOURCE VARCHAR(10), 
	UPDATED_BY BIGINT, 
	UPDATED_TS TIMESTAMP, 
	PUBLISH_DATE TIMESTAMP, 
	ADMIN_FORM_INFO_ID BIGINT, 
	ACTIVE_FLAG CHAR(1)
   )  
   ;
  CREATE TABLE ADMIN_EMAIL_TEMPL_TXN 
   (	ADMIN_EMAIL_TEMPL_TXN_ID BIGINT PRIMARY KEY auto_increment, 
	ADMIN_TXN_ID BIGINT, 
	TRANS_NBR VARCHAR(20), 
	TRANS_DATE DATE, 
	TRANS_STATUS VARCHAR(3), 
	EMAIL_MSG_NEW VARCHAR(3000), 
	EMAIL_MSG_OLD VARCHAR(3000), 
	PUBLISH_TYPE CHAR(1), 
	PUBLISH_DATE DATE, 
	CREATED_SOURCE VARCHAR(10), 
	CREATED_BY BIGINT, 
	CREATED_TS TIMESTAMP, 
	UPDATED_SOURCE VARCHAR(10), 
	UPDATED_BY BIGINT, 
	UPDATED_TS TIMESTAMP, 
	REMARKS VARCHAR(1000), 
	ADMIN_EMAIL_TEMPL_INFO_ID BIGINT
   )  
   ;
  CREATE TABLE ADMIN_FORM_INFO 
   (	ADMIN_FORM_INFO_ID BIGINT PRIMARY KEY auto_increment, 
	ADMIN_FUNCTION_INFO_ID BIGINT, 
	FORM_NAME VARCHAR(50), 
	DESCRIPTION VARCHAR(3000), 
	IMPORTANT_NOTES VARCHAR(3000), 
	CREATED_SOURCE VARCHAR(10), 
	CREATED_BY BIGINT, 
	CREATED_TS TIMESTAMP, 
	UPDATED_SOURCE VARCHAR(10), 
	UPDATED_BY BIGINT, 
	UPDATED_TS TIMESTAMP, 
	FORM_TITLE VARCHAR(50), 
	PUBLISH_DATE TIMESTAMP, 
	ACTIVE_FLAG CHAR(1)
   )  
   ;
  CREATE TABLE ADMIN_FORM_MESSAGE_INFO 
   (	ADMIN_FORM_MESSAGE_INFO_ID BIGINT PRIMARY KEY auto_increment, 
	ADMIN_FUNCTION_INFO_ID BIGINT, 
	MESSAGE_TYPE VARCHAR(50), 
	MESSAGE_CODE VARCHAR(50), 
	MESSAGE VARCHAR(2000), 
	PUBLISH_DATE DATE, 
	CREATED_SOURCE VARCHAR(10), 
	CREATED_BY BIGINT, 
	CREATED_TS TIMESTAMP, 
	UPDATED_SOURCE VARCHAR(10), 
	UPDATED_BY BIGINT, 
	UPDATED_TS TIMESTAMP, 
	MESSAGE_NAME VARCHAR(50), 
	ADMIN_FORM_INFO_ID BIGINT, 
	ACTIVE_FLAG CHAR(1)
   )  
   ;
  CREATE TABLE ADMIN_FORM_MESSAGE_TXN 
   (	ADMIN_FORM_MESSAGE_TXN_ID BIGINT PRIMARY KEY auto_increment, 
	ADMIN_FORM_INFO_ID BIGINT, 
	ADMIN_TXN_ID BIGINT, 
	TRANS_NBR VARCHAR(20), 
	TRANS_DATE DATE, 
	TRANS_STATUS VARCHAR(3), 
	PUBLISH_TYPE CHAR(1), 
	PUBLISH_DATE DATE, 
	CREATED_SOURCE VARCHAR(10), 
	CREATED_BY BIGINT, 
	CREATED_TS TIMESTAMP, 
	UPDATED_SOURCE VARCHAR(10), 
	UPDATED_BY BIGINT, 
	UPDATED_TS TIMESTAMP, 
	REMARKS VARCHAR(1000)
   )  
   ;
  CREATE TABLE ADMIN_FORM_MESSAGE_TXN_DTL 
   (	ADMIN_FORM_MESSAGE_TXN_DTL_ID BIGINT PRIMARY KEY auto_increment, 
	ADMIN_FORM_MESSAGE_TXN_ID BIGINT, 
	MESSAGE_TYPE VARCHAR(50), 
	MESSAGE_CODE VARCHAR(50), 
	MESSAGE_NEW VARCHAR(2000), 
	MESSAGE_OLD VARCHAR(2000), 
	CREATED_SOURCE VARCHAR(10), 
	CREATED_BY BIGINT, 
	CREATED_TS TIMESTAMP, 
	UPDATED_SOURCE VARCHAR(10), 
	UPDATED_BY BIGINT, 
	ADMIN_FORM_MESSAGE_INFO_ID BIGINT
   )  
   ;
  CREATE TABLE ADMIN_FORM_MSG_INFO 
   (	ADMIN_FORM_MSG_INFO_ID BIGINT PRIMARY KEY auto_increment, 
	ADMIN_FUNCTION_INFO_ID BIGINT, 
	SUCCESS VARCHAR(200), 
	WARNING VARCHAR(200), 
	ERROR VARCHAR(200), 
	NOTES VARCHAR(200), 
	CREATED_SOURCE VARCHAR(10), 
	CREATED_BY BIGINT, 
	CREATED_TS TIMESTAMP, 
	UPDATED_SOURCE VARCHAR(10), 
	UPDATED_BY BIGINT, 
	UPDATED_TS TIMESTAMP
   )  
   ;
  CREATE TABLE ADMIN_FORM_TXN 
   (	ADMIN_FORM_TXN_ID BIGINT PRIMARY KEY auto_increment, 
	ADMIN_TXN_ID BIGINT, 
	TRANS_NBR VARCHAR(20), 
	TRANS_DATE DATE, 
	TRANS_STATUS VARCHAR(3), 
	FORM_NAME_NEW VARCHAR(50), 
	DESCRIPTION_NEW VARCHAR(3000), 
	IMPORTANT_NOTES_NEW VARCHAR(3000), 
	FORM_NAME_OLD VARCHAR(50), 
	DESCRIPTION_OLD VARCHAR(3000), 
	IMPORTANT_NOTES_OLD VARCHAR(3000), 
	PUBLISH_TYPE CHAR(1), 
	PUBLISH_DATE DATE, 
	CREATED_SOURCE VARCHAR(10), 
	CREATED_BY BIGINT, 
	CREATED_TS TIMESTAMP, 
	UPDATED_SOURCE VARCHAR(10), 
	UPDATED_BY BIGINT, 
	UPDATED_TS TIMESTAMP, 
	ADMIN_FORM_INFO_ID BIGINT, 
	REMARKS VARCHAR(1000)
   )  
   ;
  CREATE TABLE ADMIN_FUNCTION_INFO 
   (	ADMIN_FUNCTION_INFO_ID BIGINT PRIMARY KEY auto_increment, 
	FUNCTION_NAME VARCHAR(100), 
	FUNCTION_GROUP VARCHAR(10), 
	CREATED_SOURCE VARCHAR(10), 
	CREATED_BY BIGINT, 
	CREATED_TS TIMESTAMP, 
	UPDATED_SOURCE VARCHAR(10), 
	UPDATED_BY BIGINT, 
	UPDATED_TS TIMESTAMP, 
	FUNCTION_CODE VARCHAR(20), 
	DISPLAY_ORDER BIGINT, 
	SERVICE_TYPE VARCHAR(3)
   )  
   ;
  CREATE TABLE ADMIN_SEP_NOTIFY_PREF_TXN 
   (	ADMIN_SEP_NOTIFY_PREF_TXN_ID BIGINT PRIMARY KEY auto_increment, 
	ADMIN_FUNCTION_INFO_ID BIGINT, 
	ADMIN_TXN_ID BIGINT, 
	SEP_INFO_ID BIGINT, 
	TRANS_NBR VARCHAR(20), 
	TRANS_DATE DATE, 
	TRANS_STATUS VARCHAR(3), 
	NOTIFY_PREF_FLAG_NEW CHAR(1), 
	NOTIFY_PREF_FLAG_OLD CHAR(1), 
	CREATED_SOURCE VARCHAR(10), 
	CREATED_BY BIGINT, 
	CREATED_TS TIMESTAMP, 
	UPDATED_SOURCE VARCHAR(10), 
	UPDATED_BY BIGINT, 
	UPDATED_TS TIMESTAMP
   ) 
   ;
  CREATE TABLE ADMIN_TEAM_FUNC_MAP 
   (	ADMIN_TEAM_FUNC_MAP_ID BIGINT PRIMARY KEY auto_increment, 
	ADMIN_FUNCTION_INFO_ID BIGINT, 
	ADMIN_TEAM_INFO_ID BIGINT, 
	CREATED_SOURCE VARCHAR(10), 
	CREATED_BY BIGINT, 
	CREATED_TS TIMESTAMP, 
	UPDATED_SOURCE VARCHAR(10), 
	UPDATED_BY BIGINT, 
	UPDATED_TS TIMESTAMP
   )  
   ;
  CREATE TABLE ADMIN_TEAM_INFO 
   (	ADMIN_TEAM_INFO_ID BIGINT PRIMARY KEY auto_increment, 
	TEAM_NAME VARCHAR(50), 
	DISPLAY_NAME VARCHAR(50), 
	VERIFIER_TEAM_ID BIGINT,
	CREATED_SOURCE VARCHAR(10), 
	CREATED_BY BIGINT, 
	CREATED_TS TIMESTAMP, 
	UPDATED_SOURCE VARCHAR(10), 
	UPDATED_BY BIGINT, 
	UPDATED_TS TIMESTAMP, 
	ROLES VARCHAR(100)
   )  
   ;
  CREATE TABLE ADMIN_TXN 
   (	ADMIN_TXN_ID BIGINT PRIMARY KEY auto_increment, 
	PREPARER_ID BIGINT, 
	PREPARED_TS TIMESTAMP, 
	VERIFIER_ID BIGINT, 
	VERIFIED_TS TIMESTAMP, 
	REJECT_REASON VARCHAR(300), 
	RETURN_REASON VARCHAR(300), 
	UPDATE_STATUS_REASON VARCHAR(300), 
	IMPORTANT_TAG CHAR(1), 
	ADMIN_TXN_STATUS VARCHAR(3), 
	UPDATED_BY BIGINT, 
	UPDATED_TS TIMESTAMP, 
	REMARKS VARCHAR(1000), 
	SERVICE_TYPE VARCHAR(3)
   )  
   ;
  CREATE TABLE ADMIN_UPDATE_STATUS_TXN 
   (	ADMIN_UPDATE_STATUS_TXN_ID BIGINT PRIMARY KEY auto_increment, 
	ADMIN_TXN_ID BIGINT, 
	TRANS_ID BIGINT, 
	SERVICE_TYPE VARCHAR(3), 
	TRANS_NBR VARCHAR(20), 
	TRANS_STATUS VARCHAR(3), 
	TRANS_DATE DATE, 
	REMARKS VARCHAR(1000), 
	CREATED_SOURCE VARCHAR(10), 
	CREATED_BY BIGINT, 
	CREATED_TS TIMESTAMP, 
	UPDATED_SOURCE VARCHAR(10), 
	UPDATED_BY BIGINT, 
	UPDATED_TS TIMESTAMP
   )  
   ;
  CREATE TABLE ADMIN_UPDATE_STATUS_TXN_DTL 
   (	ADMIN_UPDATE_STATUS_TXN_DTL_ID BIGINT, 
	ADMIN_UPDATE_STATUS_TXN_ID BIGINT, 
	INPUT_ID VARCHAR(30), 
	INPUT_VALUE VARCHAR(3000), 
	CREATED_SOURCE VARCHAR(10), 
	CREATED_BY BIGINT, 
	CREATED_TS TIMESTAMP, 
	OLD_INPUT_VALUE VARCHAR(3000)
   )  
   ;
  CREATE TABLE ADMIN_USER_INFO 
   (	ADMIN_USER_INFO_ID BIGINT PRIMARY KEY auto_increment, 
	USER_AD_ID VARCHAR(20), 
	USER_NAME VARCHAR(256), 
	CREATED_SOURCE VARCHAR(10), 
	CREATED_BY BIGINT, 
	CREATED_TS TIMESTAMP, 
	UPDATED_SOURCE VARCHAR(10), 
	UPDATED_BY BIGINT, 
	UPDATED_TS TIMESTAMP
   )  
   ;
  CREATE TABLE BATCH_JOB 
   (	BATCH_JOB_ID BIGINT PRIMARY KEY auto_increment, 
	BATCH_JOB_CODE VARCHAR(10), 
	BATCH_JOB_NAME VARCHAR(50), 
	SCHEDULE VARCHAR(50), 
	PARAMS VARCHAR(300), 
	DESCRIPTION VARCHAR(300), 
	CREATED_BY BIGINT, 
	CREATED_TS DATE
   )  
   ;
  CREATE TABLE BATCH_JOB_EXCEPTION 
   (	BATCH_JOB_EXCEPTION_ID BIGINT PRIMARY KEY auto_increment, 
	BATCH_JOB_ID BIGINT, 
	EXECUTION_DATE TIMESTAMP, 
	LINE_NBR BIGINT, 
	COLUMN_NAME VARCHAR(50), 
	REMARKS VARCHAR(1000), 
	CREATED_TS TIMESTAMP, 
	COLUMN_VALUE CHAR(50), 
	REJECTION_TYPE VARCHAR(20), 
	REF_KEY_NAMES VARCHAR(50), 
	REF_KEY_VALUES VARCHAR(100), 
	RECORD_TYPE VARCHAR(10)
   )  
   ;
  CREATE TABLE BATCH_JOB_EXCEPTION_CNS 
   (	BATCH_JOB_EXCEPTION_ID BIGINT PRIMARY KEY auto_increment, 
	BATCH_JOB_ID BIGINT, 
	EXECUTION_DATE TIMESTAMP, 
	LINE_NBR BIGINT, 
	REJECTION_TYPE VARCHAR(20), 
	COLUMN_NAME VARCHAR(50), 
	COLUMN_VALUE VARCHAR(50), 
	REMARKS VARCHAR(1000), 
	REF_KEY_NAMES VARCHAR(50), 
	REF_KEY_VALUES VARCHAR(100), 
	RECORD_TYPE VARCHAR(10), 
	CREATED_TS TIMESTAMP
   )  
   ;
  CREATE TABLE BATCH_JOB_EXCEPTION_CPG 
   (	BATCH_JOB_EXCEPTION_ID BIGINT PRIMARY KEY auto_increment, 
	BATCH_JOB_ID BIGINT, 
	EXECUTION_DATE TIMESTAMP, 
	LINE_NBR BIGINT, 
	REJECTION_TYPE VARCHAR(20), 
	COLUMN_NAME VARCHAR(50), 
	COLUMN_VALUE VARCHAR(50), 
	REMARKS VARCHAR(1000), 
	REF_KEY_NAMES VARCHAR(50), 
	REF_KEY_VALUES VARCHAR(100), 
	RECORD_TYPE VARCHAR(10), 
	CREATED_TS TIMESTAMP
   )  
   ;
  CREATE TABLE BATCH_JOB_EXCEPTION_ENETS 
   (	BATCH_JOB_EXCEPTION_ID BIGINT PRIMARY KEY auto_increment, 
	BATCH_JOB_ID BIGINT, 
	EXECUTION_DATE TIMESTAMP, 
	LINE_NBR BIGINT, 
	REJECTION_TYPE VARCHAR(20), 
	COLUMN_NAME VARCHAR(50), 
	COLUMN_VALUE VARCHAR(50), 
	REMARKS VARCHAR(1000), 
	REF_KEY_NAMES VARCHAR(50), 
	REF_KEY_VALUES VARCHAR(100), 
	RECORD_TYPE VARCHAR(10), 
	CREATED_TS TIMESTAMP
   )  
   ;
  CREATE TABLE BATCH_JOB_EXCEPTION_EPR 
   (	BATCH_JOB_EXCEPTION_ID BIGINT PRIMARY KEY auto_increment, 
	BATCH_JOB_ID BIGINT, 
	EXECUTION_DATE TIMESTAMP, 
	LINE_NBR BIGINT, 
	REJECTION_TYPE VARCHAR(20), 
	COLUMN_NAME VARCHAR(50), 
	COLUMN_VALUE VARCHAR(50), 
	REMARKS VARCHAR(1000), 
	REF_KEY_NAMES VARCHAR(50), 
	REF_KEY_VALUES VARCHAR(100), 
	RECORD_TYPE VARCHAR(10), 
	CREATED_TS TIMESTAMP
   )  
   ;
  CREATE TABLE BATCH_JOB_EXCEPTION_IRAS 
   (	BATCH_JOB_EXCEPTION_ID BIGINT PRIMARY KEY auto_increment, 
	BATCH_JOB_ID BIGINT, 
	EXECUTION_DATE TIMESTAMP, 
	LINE_NBR BIGINT, 
	REJECTION_TYPE VARCHAR(20), 
	COLUMN_NAME VARCHAR(50), 
	COLUMN_VALUE VARCHAR(50), 
	REMARKS VARCHAR(1000), 
	REF_KEY_NAMES VARCHAR(50), 
	REF_KEY_VALUES VARCHAR(100), 
	RECORD_TYPE VARCHAR(10), 
	CREATED_TS TIMESTAMP
   )  
   ;
  CREATE TABLE BATCH_JOB_EXCEPTION_OCBC 
   (	BATCH_JOB_EXCEPTION_ID BIGINT PRIMARY KEY auto_increment, 
	BATCH_JOB_ID BIGINT, 
	EXECUTION_DATE TIMESTAMP, 
	LINE_NBR BIGINT, 
	REJECTION_TYPE VARCHAR(20), 
	COLUMN_NAME VARCHAR(50), 
	COLUMN_VALUE VARCHAR(50), 
	REMARKS VARCHAR(1000), 
	REF_KEY_NAMES VARCHAR(50), 
	REF_KEY_VALUES VARCHAR(100), 
	RECORD_TYPE VARCHAR(10), 
	CREATED_TS TIMESTAMP
   )  
   ;
  CREATE TABLE BATCH_JOB_EXCEPTION_SEM 
   (	BATCH_JOB_EXCEPTION_ID BIGINT PRIMARY KEY auto_increment, 
	BATCH_JOB_ID BIGINT, 
	EXECUTION_DATE TIMESTAMP, 
	LINE_NBR BIGINT, 
	REJECTION_TYPE VARCHAR(20), 
	COLUMN_NAME VARCHAR(50), 
	COLUMN_VALUE VARCHAR(50), 
	REMARKS VARCHAR(1000), 
	REF_KEY_NAMES VARCHAR(50), 
	REF_KEY_VALUES VARCHAR(100), 
	RECORD_TYPE VARCHAR(10), 
	CREATED_TS TIMESTAMP
   )  
   ;
  CREATE TABLE CAYE_AUDIT_LOG 
   (	CAYE_AUDIT_LOG_ID BIGINT PRIMARY KEY auto_increment, 
	TRANS_ID BIGINT, 
	TRANS_NBR VARCHAR(20), 
	ACTION_NAME VARCHAR(100), 
	ROLE_TYPE VARCHAR(3), 
	CREATED_SOURCE VARCHAR(10), 
	CREATED_BY BIGINT, 
	CREATED_TS TIMESTAMP, 
	DESCRIPTION VARCHAR(1000), 
	ADMIN_FUNCTION_INFO_ID BIGINT, 
	SERVICE_TYPE VARCHAR(3)
   )  
   ;
  CREATE TABLE CAYE_BANK_INFO 
   (	CAYE_BANK_INFO_ID BIGINT PRIMARY KEY auto_increment, 
	BANK_CODE VARCHAR(10), 
	SWIFT_CODE VARCHAR(35), 
	BANK_NAME VARCHAR(50), 
	CREATED_SOURCE VARCHAR(10), 
	CREATED_BY BIGINT, 
	CREATED_TS TIMESTAMP, 
	UPDATED_SOURCE VARCHAR(10), 
	UPDATED_BY BIGINT, 
	UPDATED_TS TIMESTAMP
   )  
   ;
  CREATE TABLE CAYE_CODE_INFO 
   (	CAYE_CODE_INFO_ID BIGINT PRIMARY KEY auto_increment, 
	CATEGORY VARCHAR(20), 
	CODE VARCHAR(3), 
	DESCRIPTION VARCHAR(100), 
	CREATED_SOURCE VARCHAR(10), 
	CREATED_BY BIGINT, 
	CREATED_TS TIMESTAMP
   )  
   ;
  CREATE TABLE CAYE_FILE_INFO 
   (	CAYE_FILE_INFO_ID BIGINT PRIMARY KEY auto_increment, 
	FILE_CATEGORY VARCHAR(20), 
	FILE_CONTENT BLOB, 
	STATUS VARCHAR(10), 
	CREATED_SOURCE VARCHAR(10), 
	CREATED_BY BIGINT, 
	CREATED_TS TIMESTAMP, 
	FILE_NAME VARCHAR(200), 
	FILE_TYPE VARCHAR(10)
   )  ;

   CREATE TABLE CAYE_MENU_INFO 
   (	CAYE_MENU_INFO_ID BIGINT PRIMARY KEY auto_increment, 
	PARENT_MENU_ID BIGINT, 
	MENU_NAME VARCHAR(50), 
	INT_EXT VARCHAR(3), 
	URL VARCHAR(300), 
	POSITION CHAR(1), 
	MODULE VARCHAR(3), 
	MENU_ORDER BIGINT, 
	IS_ACTIVE CHAR(1), 
	CREATED_SOURCE VARCHAR(10), 
	CREATED_BY BIGINT, 
	CREATED_TS TIMESTAMP
   )  
   ;
  CREATE TABLE CAYE_NICE_TRANS_TXN 
   (	CAYE_NICE_TRANS_TXN_ID BIGINT PRIMARY KEY auto_increment, 
	TRANS_ID BIGINT, 
	PREFIX VARCHAR(1), 
	TRANS_TYPE VARCHAR(1), 
	REFERENCE_TYPE VARCHAR(1), 
	REFERENCE_NO VARCHAR(9), 
	CSN VARCHAR(15), 
	TRANSACTION_CODE VARCHAR(20), 
	RELATED_TO_REFERENCE_TYPE VARCHAR(1), 
	RELATED_TO_REFERENCE_NO VARCHAR(9), 
	RECEIPT_DATE VARCHAR(8), 
	TRANS_UPDATED_DATE VARCHAR(8), 
	BACKEND_STATUS VARCHAR(10), 
	REMARKS_PUBLIC VARCHAR(300), 
	REMARKS_BACKEND VARCHAR(300), 
	BACKEND_KEY VARCHAR(100), 
	EFORM_TRANS_NBR VARCHAR(30), 
	SUBMITTER VARCHAR(9), 
	SOURCE_DATA VARCHAR(1), 
	CREATED_BY BIGINT, 
	CREATED_TS TIMESTAMP, 
	CREATED_SOURCE VARCHAR(10)
   )  
   ;
  CREATE TABLE CAYE_REPORT_INFO 
   (	CAYE_REPORT_INFO_ID BIGINT PRIMARY KEY auto_increment, 
	REPORT_NAME VARCHAR(100), 
	REPORT_TYPE VARCHAR(1), 
	CREATED_SOURCE VARCHAR(10), 
	CREATED_BY BIGINT, 
	CREATED_TS TIMESTAMP, 
	UPDATED_SOURCE VARCHAR(10), 
	UPDATED_BY BIGINT, 
	UPDATED_TS TIMESTAMP, 
	BATCH_JOB_ID VARCHAR(100)
   )  
   ;
  CREATE TABLE CAYE_REPORT_STATS_TXN 
   (	CAYE_REPORT_STATS_TXN_ID BIGINT PRIMARY KEY auto_increment, 
	CAYE_REPORT_INFO_ID BIGINT, 
	TRANS_DATE DATE, 
	DESCRIPTION VARCHAR(200), 
	COUNT_VALUE VARCHAR(20), 
	CREATED_SOURCE VARCHAR(10), 
	CREATED_BY BIGINT, 
	CREATED_TS TIMESTAMP, 
	REPORT_TYPE VARCHAR(20), 
	REPORT_SECTION VARCHAR(20), 
	REF_KEY_NAMES VARCHAR(50), 
	REF_KEY_VALUES VARCHAR(100)
   )  
   ;
  CREATE TABLE COMP_CSN_CON_SUB_TXN 
   (	COMP_CSN_CON_SUB_TXN_ID BIGINT PRIMARY KEY auto_increment, 
	COMP_CSN_INFO_ID BIGINT, 
	TRANS_NBR VARCHAR(20), 
	TRANS_DATE DATE, 
	TRANS_STATUS VARCHAR(3), 
	PAYMENT_TYPE VARCHAR(3), 
	CAYE_BANK_INFO_ID BIGINT, 
	BANK_ACCOUNT_NBR VARCHAR(34), 
	DEDUCTION_DATE DATE, 
	CREATED_SOURCE VARCHAR(10), 
	CREATED_BY BIGINT, 
	CREATED_TS TIMESTAMP, 
	UPDATED_SOURCE VARCHAR(10), 
	UPDATED_BY BIGINT, 
	UPDATED_TS TIMESTAMP, 
	ADMIN_TXN_ID BIGINT
   )  
   ;
  CREATE TABLE COMP_CSN_CON_SUB_TXN_DDA_UPD 
   (	COMP_CSN_CON_SUB_TXN_DDA_UPD_ID BIGINT PRIMARY KEY auto_increment, 
	LINE_NBR VARCHAR(4), 
	RECORD_TYPE VARCHAR(1), 
	IBG_USER_NO VARCHAR(15), 
	IBG_USER_TYPE_CODE VARCHAR(1), 
	DEDUCTION_TYPE_CODE VARCHAR(5), 
	CON_TYPE_CODE VARCHAR(4), 
	DEDUCTION_AMT VARCHAR(15), 
	DEDUCTION_DATE DATE, 
	DEDUCTION_STATUS_CODE VARCHAR(1), 
	DEDUCTION_REJECTION_CODE VARCHAR(4), 
	DEDUCTION_REJECTION_REASON VARCHAR(105), 
	DEDUCTION_REJECTION_COUNT VARCHAR(2), 
	PMG_DATE DATE, 
	SUBMISSION_DATE DATE, 
	NEXT_DEDUCTION_DATE DATE, 
	BANK_NAME VARCHAR(50), 
	BANK_ACCOUNT_NUMBER VARCHAR(34), 
	DEDUCTION_RM VARCHAR(6), 
	CONSECUTIVE_FAILED_DEDUCTION VARCHAR(2), 
	CREATED_SOURCE VARCHAR(10), 
	CREATED_BY BIGINT, 
	CREATED_TS TIMESTAMP, 
	EXECUTION_TS TIMESTAMP
   )  
   ;
  CREATE TABLE COMP_CSN_CON_SUB_TXN_DTL 
   (	COMP_CSN_CON_SUB_TXN_DTL_ID BIGINT PRIMARY KEY auto_increment, 
	SEP_INFO_ID BIGINT, 
	COMP_CSN_CON_SUB_TXN_ID BIGINT, 
	PAYER_CSN_INFO_ID BIGINT, 
	CAYE_CON_RATE NUMERIC(4,2), 
	GROSS_SERVICE_AMOUNT NUMERIC(13,2), 
	MEDISAVE_AMOUNT NUMERIC(13,2), 
	NET_SERVICE_AMOUNT NUMERIC(13,2), 
	INVOICE_NBR VARCHAR(35), 
	PAYMENT_STATUS VARCHAR(3), 
	RECEIPT_DATE DATE, 
	CPR_CAYE_REF_NBR VARCHAR(20), 
	CAYE_BANK_INFO_ID BIGINT, 
	BANK_ACCOUNT_NBR VARCHAR(34), 
	DDA_DEDUCT_DATE DATE, 
	NEXT_DDA_DEDUCT_DATE DATE, 
	DEDUCT_STATUS_UPDATE_DATE DATE, 
	VALUE_DATE DATE, 
	DDA_REJ_COUNT NUMERIC(1,0), 
	REJECT_REASON VARCHAR(150), 
	CNS_STATUS VARCHAR(3), 
	CNS_SENT_DATE DATE, 
	RECONCILED_FLAG CHAR(1), 
	REFUND_FLAG CHAR(1), 
	CREATED_SOURCE VARCHAR(10), 
	CREATED_BY BIGINT, 
	CREATED_TS TIMESTAMP, 
	UPDATED_SOURCE VARCHAR(10), 
	UPDATED_BY BIGINT, 
	UPDATED_TS TIMESTAMP, 
	DEDUCTION_REJECTION_CODE VARCHAR(10), 
	COMP_CSN_CON_SUB_TXN_DDA_UPD_ID BIGINT, 
	RA_MA_FLAG CHAR(1), 
	RA_GSA_FLAG CHAR(1), 
	RA_NSA_FLAG CHAR(1), 
	PV_MA_FLAG CHAR(1), 
	PV_GSA_FLAG CHAR(1), 
	PV_NSA_FLAG CHAR(1)
   )  
   ;
  CREATE TABLE COMP_CSN_CON_SUB_TXN_ENE_UPD 
   (	COMP_CSN_CON_SUB_TXN_ENE_UPD_ID BIGINT PRIMARY KEY auto_increment, 
	LINE_NBR NUMERIC(8,0), 
	GATEWAY_REF_CODE VARCHAR(20), 
	BANK_REF_CODE VARCHAR(20), 
	MERCHANT_TXN_ID VARCHAR(21), 
	TXN_DATE_TIME VARCHAR(31), 
	CURRENCY_CODE VARCHAR(14), 
	TXN_AMOUNT VARCHAR(16), 
	MERCHANT VARCHAR(31), 
	BANK_ID VARCHAR(79), 
	STAGE VARCHAR(7), 
	STATUS VARCHAR(7), 
	CREATED_SOURCE VARCHAR(10), 
	CREATED_BY BIGINT, 
	CREATED_TS TIMESTAMP
   )  
   ;
  CREATE TABLE COMP_CSN_DDA_APPLN_TXN 
   (	COMP_CSN_DDA_APPLN_TXN_ID BIGINT PRIMARY KEY auto_increment, 
	COMP_CSN_INFO_ID BIGINT, 
	TRANS_NBR VARCHAR(20), 
	TRANS_DATE DATE, 
	TRANS_STATUS VARCHAR(3), 
	BANK_NAME VARCHAR(50), 
	BANK_ACCOUNT_NBR VARCHAR(34), 
	DDA_REF_NBR VARCHAR(35), 
	DDA_APPLN_DATE DATE, 
	DDA_REMARK VARCHAR(300), 
	FROM_DATE DATE, 
	TO_DATE DATE, 
	CREATED_SOURCE VARCHAR(10), 
	CREATED_BY BIGINT, 
	CREATED_TS TIMESTAMP, 
	UPDATED_SOURCE VARCHAR(10), 
	UPDATED_BY BIGINT, 
	UPDATED_TS TIMESTAMP, 
	DDA_LETTER_SUPPRESS_TAG CHAR(1), 
	APPROVAL_DATE DATE
   )  
   ;
  CREATE TABLE COMP_CSN_DDA_INFO 
   (	COMP_CSN_DDA_INFO_ID BIGINT PRIMARY KEY auto_increment, 
	COMP_CSN_INFO_ID BIGINT, 
	CAYE_BANK_INFO_ID BIGINT, 
	BANK_ACCOUNT_NBR VARCHAR(34), 
	DDA_REF_NBR VARCHAR(35), 
	FROM_DATE DATE, 
	TO_DATE DATE, 
	DDA_STATUS VARCHAR(3), 
	CREATED_SOURCE VARCHAR(10), 
	CREATED_BY BIGINT, 
	CREATED_TS TIMESTAMP, 
	UPDATED_SOURCE VARCHAR(10), 
	UPDATED_BY BIGINT, 
	UPDATED_TS TIMESTAMP
   )  
   ;
  CREATE TABLE COMP_CSN_INFO 
   (	COMP_CSN_INFO_ID BIGINT PRIMARY KEY auto_increment, 
	COMP_INFO_ID BIGINT, 
	CSN VARCHAR(15), 
	CSN_NAME VARCHAR(80), 
	OFFICE_NBR NUMERIC(8,0), 
	HANDPHONE_NBR NUMERIC(8,0), 
	EMAIL1 VARCHAR(80), 
	EMAIL2 VARCHAR(80), 
	EMAIL3 VARCHAR(80), 
	EMAIL4 VARCHAR(80), 
	EMAIL5 VARCHAR(80), 
	ADDRESS_TYPE CHAR(1), 
	SG_POSTCODE VARCHAR(6), 
	SG_BLK_NBR VARCHAR(10), 
	SG_ST_NAME VARCHAR(32), 
	SG_LEVEL_NBR VARCHAR(3), 
	SG_UNIT_NBR VARCHAR(5), 
	OVERSEA_ADD1 VARCHAR(35), 
	OVERSEA_ADD2 VARCHAR(35), 
	OVERSEA_ADD3 VARCHAR(35), 
	OVERSEA_ADD4 VARCHAR(35), 
	OVERSEA_ADD5 VARCHAR(35), 
	OVERSEA_ADD6 VARCHAR(35), 
	CREATED_SOURCE VARCHAR(10), 
	CREATED_BY BIGINT, 
	CREATED_TS TIMESTAMP, 
	UPDATED_SOURCE VARCHAR(10), 
	UPDATED_BY BIGINT, 
	UPDATED_TS TIMESTAMP
   )  
   ;
  CREATE TABLE COMP_CSN_NOTIFY_TXN 
   (	COMP_CSN_NOTIFY_TXN_ID BIGINT PRIMARY KEY auto_increment, 
	TRANS_DATE DATE, 
	EMAIL_TO VARCHAR(500), 
	EMAIL_SUBJECT VARCHAR(500), 
	EMAIL_MESSAGE VARCHAR(3000), 
	EMAIL_STATUS VARCHAR(3), 
	EMAIL_SENT_DATE DATE, 
	CREATED_SOURCE VARCHAR(10), 
	CREATED_BY BIGINT, 
	CREATED_TS TIMESTAMP, 
	UPDATED_SOURCE VARCHAR(10), 
	UPDATED_BY BIGINT, 
	UPDATED_TS TIMESTAMP, 
	TRANS_NBR VARCHAR(20), 
	ADMIN_EMAIL_TEMPL_INFO_ID BIGINT
   )  
   ;
  CREATE TABLE COMP_CSN_POST_PV_TXN 
   (	COMP_CSN_POST_PV_TXN_ID BIGINT PRIMARY KEY auto_increment, 
	COMP_CSN_CON_SUB_TXN_DTL_ID BIGINT, 
	POST_DATE DATE, 
	CASH_BOOK_CODE VARCHAR(3), 
	SOURCE_SYSTEM_CODE VARCHAR(3), 
	PAYMENT_MODE_CODE VARCHAR(3), 
	SCHEME_TYPE_CODE VARCHAR(5), 
	SCHEME_TYPE_SUB_CODE VARCHAR(15), 
	SOURCE_REF_NBR VARCHAR(35), 
	BANK_REF_NBR VARCHAR(35), 
	PAYEE_TYPE CHAR(1), 
	PAYEE_IDENTIFIER VARCHAR(66), 
	VALUE_DATE DATE, 
	TRANS_AMOUNT NUMERIC(12,2), 
	GL_CODE VARCHAR(8), 
	COST_CENTER_CODE VARCHAR(8), 
	PAYOUT_REF_NBR VARCHAR(10), 
	CASH_BOOK_UPDATE_STATUS VARCHAR(3), 
	ERROR_REMARKS VARCHAR(60), 
	CREATED_SOURCE VARCHAR(10), 
	CREATED_BY BIGINT, 
	CREATED_TS TIMESTAMP, 
	UPDATED_SOURCE VARCHAR(10), 
	UPDATED_BY BIGINT, 
	UPDATED_TS TIMESTAMP
   )  
   ;
  CREATE TABLE COMP_CSN_POST_RA_TXN 
   (	COMP_CSN_POST_RA_TXN_ID BIGINT PRIMARY KEY auto_increment, 
	COMP_CSN_CON_SUB_TXN_DTL_ID BIGINT, 
	POST_DATE DATE, 
	SCHEME_CODE VARCHAR(3), 
	SCHEME_TYPE_CODE VARCHAR(5), 
	PAYER_IDENTIFIER VARCHAR(66), 
	TRANS_AMOUNT NUMERIC(12,2), 
	VALUE_DATE DATE, 
	RCPT_MODE_CODE CHAR(1), 
	CASH_BOOK_CODE VARCHAR(3), 
	GL_CODE_ADDL_DESCR VARCHAR(80), 
	GL_CODE VARCHAR(8), 
	RCPT_TYPE_CODE VARCHAR(3), 
	COST_CENTER_CODE VARCHAR(8), 
	BANK_CODE VARCHAR(4), 
	BANK_BRANCH_CODE VARCHAR(3), 
	CREATED_SOURCE VARCHAR(10), 
	CREATED_BY BIGINT, 
	CREATED_TS TIMESTAMP, 
	UPDATED_SOURCE VARCHAR(10), 
	UPDATED_BY BIGINT, 
	UPDATED_TS TIMESTAMP
   )  
   ;
  CREATE TABLE COMP_CSN_RFD_BANK_SUPT_DOC 
   (	COMP_CSN_RFD_BANK_ID BIGINT PRIMARY KEY auto_increment, 
	COMP_CSN_RFD_TXN_ID BIGINT, 
	CREATED_SOURCE VARCHAR(10), 
	CREATED_BY BIGINT, 
	CREATED_TS TIMESTAMP, 
	UPDATED_SOURCE VARCHAR(10), 
	UPDATED_BY BIGINT, 
	UPDATED_TS TIMESTAMP, 
	SUPPORT_DOC BIGINT
   )  
   ;
  CREATE TABLE COMP_CSN_RFD_TXN 
   (	COMP_CSN_RFD_TXN_ID BIGINT PRIMARY KEY auto_increment, 
	TRANS_NBR VARCHAR(20), 
	TRANS_DATE DATE, 
	TRANS_STATUS VARCHAR(3), 
	CAYE_BANK_INFO_ID BIGINT, 
	BANK_ACCOUNT_NBR VARCHAR(34), 
	CREATED_SOURCE VARCHAR(10), 
	CREATED_BY BIGINT, 
	CREATED_TS TIMESTAMP, 
	UPDATED_SOURCE VARCHAR(10), 
	UPDATED_BY BIGINT, 
	UPDATED_TS TIMESTAMP, 
	COMP_CSN_INFO_ID BIGINT, 
	BANK_NAME VARCHAR(50), 
	REQUESTER_INFO_ID BIGINT, 
	REQUESTED_DATE DATE
   )  
   ;
  CREATE TABLE COMP_CSN_RFD_TXN_DTL 
   (	COMP_CSN_RFD_TXN_DTL_ID BIGINT PRIMARY KEY auto_increment, 
	COMP_CSN_RFD_TXN_ID BIGINT, 
	COMP_CSN_CON_SUB_TXN_DTL_ID BIGINT, 
	ADMIN_TXN_ID BIGINT, 
	REASON_FOR_RFD VARCHAR(100), 
	NICE_STATUS VARCHAR(3), 
	NICE_SENT_DATE DATE, 
	CREATED_SOURCE VARCHAR(10), 
	CREATED_BY BIGINT, 
	CREATED_TS TIMESTAMP, 
	UPDATED_SOURCE VARCHAR(10), 
	UPDATED_BY BIGINT, 
	UPDATED_TS TIMESTAMP, 
	TRANS_STATUS VARCHAR(10), 
	TRANS_NBR VARCHAR(20), 
	TRANS_DATE DATE, 
	SUPT_DOC1 BIGINT, 
	SUPT_DOC2 BIGINT, 
	SUPT_DOC3 BIGINT
   )  
   ;
  CREATE TABLE COMP_CSN_TXN 
   (	COMP_CSN_TXN_ID BIGINT PRIMARY KEY auto_increment, 
	ADMIN_TXN_ID BIGINT, 
	COMP_INFO_ID BIGINT, 
	COMP_CSN_INFO_ID BIGINT, 
	TRANS_NBR VARCHAR(20), 
	TRANS_DATE DATE, 
	TRANS_STATUS VARCHAR(3), 
	SERVICE_TYPE VARCHAR(3), 
	REQUESTER_USER_TYPE VARCHAR(5), 
	REQUESTER_INFO_ID BIGINT, 
	REQUESTER_DESIGNATION VARCHAR(30), 
	COMPANY_NAME VARCHAR(80), 
	CSN_NAME VARCHAR(80), 
	OFFICE_NBR NUMERIC(8,0), 
	HANDPHONE_NBR NUMERIC(8,0), 
	EMAIL1 VARCHAR(80), 
	EMAIL2 VARCHAR(80), 
	EMAIL3 VARCHAR(80), 
	EMAIL4 VARCHAR(80), 
	EMAIL5 VARCHAR(80), 
	CHANGE_ADDRESS_TAG CHAR(1), 
	ADDRESS_TYPE CHAR(1), 
	SG_POSTCODE VARCHAR(6), 
	SG_BLK_NBR VARCHAR(10), 
	SG_ST_NAME VARCHAR(32), 
	SG_LEVEL_NBR VARCHAR(3), 
	SG_UNIT_NBR VARCHAR(5), 
	OVERSEA_ADD1 VARCHAR(35), 
	OVERSEA_ADD2 VARCHAR(35), 
	OVERSEA_ADD3 VARCHAR(35), 
	OVERSEA_ADD4 VARCHAR(35), 
	OVERSEA_ADD5 VARCHAR(35), 
	OVERSEA_ADD6 VARCHAR(35), 
	EFORM_TRANS_NBR VARCHAR(30), 
	CREATED_SOURCE VARCHAR(10), 
	CREATED_BY BIGINT, 
	CREATED_TS TIMESTAMP, 
	UPDATED_SOURCE VARCHAR(10), 
	UPDATED_BY BIGINT, 
	UPDATED_TS TIMESTAMP, 
	NICE_STATUS VARCHAR(3), 
	NICE_SENT_DATE DATE, 
	SUPT_DOC1 BIGINT, 
	SUPT_DOC2 BIGINT, 
	SUPT_DOC3 BIGINT
   )  
   ;
  CREATE TABLE COMP_INFO 
   (	COMP_INFO_ID BIGINT PRIMARY KEY auto_increment, 
	UEN VARCHAR(10), 
	COMPANY_NAME VARCHAR(80), 
	CREATED_SOURCE VARCHAR(10), 
	CREATED_BY BIGINT, 
	CREATED_TS TIMESTAMP, 
	UPDATED_SOURCE VARCHAR(10), 
	UPDATED_BY BIGINT, 
	UPDATED_TS TIMESTAMP
   )  
   ;
  CREATE TABLE COMP_REQUEST_INFO 
   (	COMP_REQUEST_INFO_ID BIGINT PRIMARY KEY auto_increment, 
	REQ_NRIC VARCHAR(20), 
	REQ_NAME VARCHAR(80), 
	DESIGNATION VARCHAR(30), 
	CREATED_SOURCE VARCHAR(10), 
	CREATED_BY BIGINT, 
	CREATED_TS TIMESTAMP, 
	UPDATED_SOURCE VARCHAR(10), 
	UPDATED_BY BIGINT, 
	UPDATED_TS TIMESTAMP
   )  
   ;
  CREATE TABLE SEP_CAYE_RATE_INFO 
   (	SEP_CAYE_RATE_INFO_ID BIGINT PRIMARY KEY auto_increment, 
	NRIC VARCHAR(9), 
	CAYE_APPL_YEAR VARCHAR(4), 
	CAYE_CON_RATE NUMERIC(4,2), 
	INPUT_SOURCE VARCHAR(10), 
	CREATED_SOURCE VARCHAR(10), 
	CREATED_BY NUMERIC(10,0), 
	CREATED_TS TIMESTAMP, 
	UPDATED_SOURCE VARCHAR(10), 
	UPDATED_BY BIGINT, 
	UPDATED_TS TIMESTAMP
   )  
   ;
  CREATE TABLE SEP_CAYE_RATE_UPD_ADM_TXN 
   (	SEP_CAYE_RATE_UPD_ADM_TXN_ID BIGINT PRIMARY KEY auto_increment, 
	OLD_CAYE_CON_RATE NUMERIC(4,2), 
	CAYE_CON_RATE NUMERIC(4,2), 
	CREATED_SOURCE VARCHAR(10), 
	CREATED_BY BIGINT, 
	CREATED_TS TIMESTAMP, 
	TRANS_NBR VARCHAR(20), 
	TRANS_DATE DATE, 
	TRANS_STATUS VARCHAR(3), 
	SEP_INFO_ID BIGINT, 
	ADMIN_TXN_ID BIGINT, 
	UPDATED_SOURCE VARCHAR(10), 
	UPDATED_BY BIGINT, 
	UPDATED_TS TIMESTAMP
   )  
   ;
  CREATE TABLE SEP_CAYE_RATE_UPD_TXN 
   (	SEP_CAYE_RATE_UPD_TXN_ID BIGINT PRIMARY KEY auto_increment, 
	SEP_INFO_ID BIGINT, 
	ADMIN_TXN_ID BIGINT, 
	CAYE_APPL_YEAR NUMERIC(4,0), 
	TRANS_NBR VARCHAR(20), 
	TRANS_DATE DATE, 
	TRANS_STATUS VARCHAR(3), 
	ESVC_TRANS_NBR VARCHAR(20), 
	REVENUE NUMERIC(13,2), 
	NTI NUMERIC(13,2), 
	MA_CON_RATE NUMERIC(7,4), 
	MAX_MA_CON_RATE NUMERIC(7,4), 
	MAX_MA_CON_AMOUNT NUMERIC(9,2), 
	CAYE_CON_RATE NUMERIC(4,2), 
	CNS_STATUS VARCHAR(3), 
	CNS_SENT_DATE DATE, 
	CREATED_SOURCE VARCHAR(10), 
	CREATED_BY BIGINT, 
	CREATED_TS TIMESTAMP, 
	UPDATED_SOURCE VARCHAR(10), 
	UPDATED_BY BIGINT, 
	UPDATED_TS TIMESTAMP, 
	NICE_STATUS VARCHAR(3), 
	NICE_SENT_DATE DATE, 
	OLD_CAYE_CON_RATE NUMERIC(4,2)
   )  
   ;
  CREATE TABLE SEP_CNS_NOTIFY_TXN 
   (	SEP_CNS_NOTIFY_TXN_ID BIGINT PRIMARY KEY auto_increment, 
	SEP_INFO_ID BIGINT, 
	TRANS_ID BIGINT, 
	TRANS_TYPE VARCHAR(3), 
	TEMPLATE_CODE VARCHAR(15), 
	DATA_ITEM_1 VARCHAR(50), 
	DATA_ITEM_2 VARCHAR(50), 
	DATA_ITEM_3 VARCHAR(50), 
	DATA_ITEM_4 VARCHAR(50), 
	DATA_ITEM_5 VARCHAR(50), 
	DATA_ITEM_6 VARCHAR(50), 
	DATA_ITEM_7 VARCHAR(50), 
	DATA_ITEM_8 VARCHAR(50), 
	DATA_ITEM_9 VARCHAR(50), 
	RUN_SEQUENCE VARCHAR(3), 
	CNS_DATE DATE, 
	NOTIFICATION_MODE VARCHAR(1), 
	RETURN_CODE VARCHAR(1), 
	CREATED_SOURCE VARCHAR(10), 
	CREATED_BY BIGINT, 
	CREATED_TS TIMESTAMP, 
	UPDATED_SOURCE VARCHAR(10), 
	UPDATED_BY BIGINT, 
	UPDATED_TS TIMESTAMP
   )  
   ;
  CREATE TABLE SEP_INFO 
   (	SEP_INFO_ID BIGINT PRIMARY KEY auto_increment, 
	NRIC VARCHAR(9), 
	EXCEPTION_TAG CHAR(1), 
	EXCEPTION_REASON VARCHAR(50), 
	CAYE_PART_FLAG CHAR(1), 
	CREATED_SOURCE VARCHAR(10), 
	CREATED_BY NUMERIC(10,0), 
	CREATED_TS TIMESTAMP, 
	UPDATED_SOURCE VARCHAR(10), 
	UPDATED_BY BIGINT, 
	UPDATED_TS TIMESTAMP, 
	CAYE_RATE_UPD_FLAG CHAR(1), 
	NOTIFY_PREF_FLAG CHAR(1) DEFAULT 'Y'
   )  
   ;
  CREATE TABLE SEP_IRAS_INFO 
   (	SEP_IRAS_INFO_ID BIGINT PRIMARY KEY auto_increment, 
	NRIC VARCHAR(9), 
	RELEVANT_YEAR NUMERIC(4,0), 
	REVENUE NUMERIC(13,2), 
	NTI NUMERIC(13,2), 
	CREATED_SOURCE VARCHAR(10), 
	CREATED_BY BIGINT, 
	CREATED_TS TIMESTAMP, 
	UPDATED_SOURCE VARCHAR(10), 
	UPDATED_BY BIGINT, 
	UPDATED_TS TIMESTAMP, 
	FILE_TYPE CHAR(1)
   )  
   ;
  CREATE TABLE SEP_IRAS_TXN 
   (	SEP_IRAS_TXN_ID BIGINT PRIMARY KEY auto_increment, 
	SEP_IRAS_INFO_ID BIGINT, 
	RELEVANT_YEAR NUMERIC(4,0), 
	CAYE_APPL_YEAR NUMERIC(4,0), 
	MA_CON_RATE NUMERIC(7,4), 
	MAX_MA_CON_RATE NUMERIC(7,4), 
	MAX_MA_CON_AMOUNT NUMERIC(9,2), 
	CAYE_CON_RATE NUMERIC(4,2), 
	CREATED_SOURCE VARCHAR(10), 
	CREATED_BY BIGINT, 
	CREATED_TS TIMESTAMP, 
	UPDATED_SOURCE VARCHAR(10), 
	UPDATED_BY BIGINT, 
	UPDATED_TS TIMESTAMP, 
	FILE_TYPE CHAR(1)
   )  
   ;
  CREATE TABLE SPRING_SESSION 
   (	PRIMARY_ID VARCHAR(36), 
	SESSION_ID VARCHAR(36), 
	CREATION_TIME BIGINT, 
	LAST_ACCESS_TIME BIGINT, 
	MAX_INACTIVE_INTERVAL NUMERIC(10,0), 
	EXPIRY_TIME BIGINT, 
	PRINCIPAL_NAME VARCHAR(100)
   )  
   ;
  CREATE TABLE SPRING_SESSION_ATTRIBUTES 
   (	SESSION_PRIMARY_ID CHAR(36), 
	ATTRIBUTE_NAME VARCHAR(200), 
	ATTRIBUTE_BYTES LONGTEXT
   )  ;
   
  CREATE TABLE STG_ENETS_D_R_SETTLEMENT_FILE 
   (	LINE_NBR NUMERIC(8,0), 
	GATEWAY_REF_CODE VARCHAR(20), 
	BANK_REF_CODE VARCHAR(20), 
	MERCHANT_TXN_ID VARCHAR(21), 
	TXN_DATE_TIME VARCHAR(31), 
	CURRENCY_CODE VARCHAR(14), 
	TXN_AMOUNT VARCHAR(16), 
	MERCHANT VARCHAR(31), 
	BANK_ID VARCHAR(79), 
	STAGE VARCHAR(7), 
	STATUS VARCHAR(7), 
	CREATE_TS TIMESTAMP
   )  
   ;
  CREATE TABLE STG_IBIS_D_S_SEP_CAYE_RATE 
   (	RECORD_TYPE VARCHAR(3), 
	SEP_NRIC VARCHAR(9), 
	CAYE_CON_RATE NUMERIC(15,2), 
	CREATE_TS TIMESTAMP
   )  
   ;
  CREATE TABLE STG_IBIS_A_R_SEP_LOAD 
   (	RECORD_TYPE VARCHAR(1), 
	NRIC VARCHAR(9), 
	NAME VARCHAR(1000), 
	CREATE_TS TIMESTAMP
   )  
   ;
  
  CREATE TABLE TB_CPP_HDY 
   (	HDY_DTE DATE, 
	HDY_RMK_CDE CHAR(1), 
	REQ_USR_ID_NUM VARCHAR(20), 
	REQ_TS TIMESTAMP, 
	LST_UPD_USR_ID_NUM VARCHAR(20), 
	LST_UPD_TS TIMESTAMP
   )  
   ;
  CREATE TABLE TB_REG_MEM_DATA 
   (	MBR_CPF_AC_NUM VARCHAR(9), 
	MBR_NME VARCHAR(66), 
	REQ_USR_ID_NUM VARCHAR(20), 
	REQ_TS TIMESTAMP, 
	LST_UPD_USR_ID_NUM VARCHAR(20), 
	LST_UPD_TS TIMESTAMP, 
	BTH_DTE NUMERIC(8,0), 
	DTH_TAG VARCHAR(1), 
	DTH_DTE NUMERIC(8,0)
   )  
   ;
  CREATE TABLE TB_SES_AA_USER_PROFILE 
   (	USR_ID_NUM VARCHAR(20), 
	USR_NME VARCHAR(161), 
	PUBL_TAG CHAR(1), 
	LST_LOGIN_TS TIMESTAMP, 
	CUR_LOGIN_TS TIMESTAMP, 
	LST_ER_LOGIN_TS TIMESTAMP, 
	CUR_ER_LOGIN_TS TIMESTAMP, 
	LST_CA_LOGIN_TS TIMESTAMP, 
	CUR_CA_LOGIN_TS TIMESTAMP, 
	LST_CA_ER_LOGIN_TS TIMESTAMP, 
	CUR_CA_ER_LOGIN_TS TIMESTAMP
   )  
   ;
  CREATE TABLE TB_SES_AA_USER_ROLE 
   (	USR_ID_NUM VARCHAR(20), 
	ACC_SYS_CDE VARCHAR(10), 
	RSRC_ID_NUM VARCHAR(50), 
	REQ_TS TIMESTAMP DEFAULT CURRENT_TIMESTAMP,
	REQ_USR_ID_NUM VARCHAR(32), 
	LST_UPD_TS TIMESTAMP DEFAULT CURRENT_TIMESTAMP,
	LST_UPD_USR_ID_NUM VARCHAR(32), 
	EFF_DTE DATE, 
	EXP_DTE DATE, 
	RMK_TXT VARCHAR(500)
   );
   
   
   
 CREATE TABLE BATCH_JOB_INSTANCE  (
  JOB_INSTANCE_ID BIGINT   PRIMARY KEY auto_increment,
  VERSION BIGINT,
  JOB_NAME VARCHAR(100) NOT NULL ,
  JOB_KEY VARCHAR(2500)
);
 CREATE TABLE BATCH_JOB_EXECUTION_PARAMS  (
	JOB_EXECUTION_ID BIGINT NOT NULL ,
	TYPE_CD VARCHAR(6) NOT NULL ,
	KEY_NAME VARCHAR(100) NOT NULL ,
	STRING_VAL VARCHAR(250) ,
	DATE_VAL DATETIME DEFAULT NULL ,
	LONG_VAL BIGINT ,
	DOUBLE_VAL DOUBLE PRECISION ,
	IDENTIFYING CHAR(1) NOT NULL 
);

CREATE TABLE BATCH_JOB_EXECUTION  (
  JOB_EXECUTION_ID BIGINT   PRIMARY KEY auto_increment ,
  VERSION BIGINT,
  JOB_INSTANCE_ID BIGINT NOT NULL,
  CREATE_TIME TIMESTAMP NOT NULL,
  START_TIME TIMESTAMP DEFAULT NULL,
  END_TIME TIMESTAMP DEFAULT NULL,
  STATUS VARCHAR(10),
  EXIT_CODE VARCHAR(20),
  EXIT_MESSAGE VARCHAR(2500),
  LAST_UPDATED TIMESTAMP,
  JOB_CONFIGURATION_LOCATION VARCHAR(2500) NULL
) ;

CREATE TABLE BATCH_STEP_EXECUTION  (
  STEP_EXECUTION_ID BIGINT   PRIMARY KEY auto_increment ,
  VERSION BIGINT NOT NULL,
  STEP_NAME VARCHAR(100) NOT NULL,
  JOB_EXECUTION_ID BIGINT NOT NULL,
  START_TIME TIMESTAMP NOT NULL ,
  END_TIME TIMESTAMP DEFAULT NULL,
  STATUS VARCHAR(10),
  COMMIT_COUNT BIGINT ,
  READ_COUNT BIGINT ,
  FILTER_COUNT BIGINT ,
  WRITE_COUNT BIGINT ,
  READ_SKIP_COUNT BIGINT ,
  WRITE_SKIP_COUNT BIGINT ,
  PROCESS_SKIP_COUNT BIGINT ,
  ROLLBACK_COUNT BIGINT ,
  EXIT_CODE VARCHAR(20) ,
  EXIT_MESSAGE VARCHAR(2500) ,
  LAST_UPDATED TIMESTAMP
) ;

CREATE TABLE BATCH_JOB_EXECUTION_CONTEXT  (
  JOB_EXECUTION_ID BIGINT  PRIMARY KEY auto_increment,
  SHORT_CONTEXT VARCHAR(2500) NOT NULL,
  SERIALIZED_CONTEXT LONGTEXT
) ;

CREATE TABLE BATCH_STEP_EXECUTION_CONTEXT  (
  STEP_EXECUTION_ID BIGINT  PRIMARY KEY auto_increment,
  SHORT_CONTEXT VARCHAR(2500) NOT NULL,
  SERIALIZED_CONTEXT LONGTEXT
) ;


CREATE TABLE admin_sys_company(
	id BIGINT PRIMARY KEY not null auto_increment,
	name VARCHAR(100) NOT NULL,
	phoneNo1 VARCHAR(20),	
	email VARCHAR(100),
	uen VARCHAR(30),
	createdBy VARCHAR (20),
	createdTs TIMESTAMP NOT NULL DEFAULT CURRENT_TIMESTAMP,
	updatedBy VARCHAR (20),
	updatedTs TIMESTAMP,
	activeFlag VARCHAR (1)  NOT NULL  DEFAULT 'A'
);



CREATE TABLE BATCH_STEP_EXECUTION_SEQ (ID BIGINT NOT NULL);
CREATE TABLE BATCH_JOB_EXECUTION_SEQ (ID BIGINT NOT NULL);
CREATE TABLE BATCH_JOB_SEQ (ID BIGINT NOT NULL);



INSERT INTO BATCH_STEP_EXECUTION_SEQ values(0);
INSERT INTO BATCH_JOB_EXECUTION_SEQ values(0);
INSERT INTO BATCH_JOB_SEQ values(0);


--Master Data


insert into admin_sys_company (name,phoneNo1,email,uen,createdby,updatedBy,updatedTs)
values('AHADSOFT IT SERVICES','12345678','admin@gmail.com','53327792B',1,1,sysdate());


insert into admin_sys_company (name,phoneNo1,email,uen,createdby,updatedBy,updatedTs)
values('AHAD TRADING AND SERVICES PTE LTD','12345678','admin@ats.com','202022615M',1,1,sysdate());


insert into admin_sys_company (name,phoneNo1,email,uen,createdby,updatedBy,updatedTs)
values('AR-RAHMAAN FOODS PTE LTD','12345678','admin@arf.com','202108803M',1,1,sysdate());


insert into admin_sys_company (name,phoneNo1,email,uen,createdby,updatedBy,updatedTs)
values('ARRAHMAN CAFETERIA','12345678','admin@arc.com','53426294E',1,1,sysdate());





insert into sep_info  (NRIC,EXCEPTION_TAG,CAYE_PART_FLAG,CREATED_SOURCE,CREATED_BY,CREATED_TS,UPDATED_SOURCE,UPDATED_BY,UPDATED_TS,CAYE_RATE_UPD_FLAG,NOTIFY_PREF_FLAG)
VALUES ('S7684531Z','N','Y','BATCH',1,sysdate(),'BATCH',1,sysdate(),'N','Y');


INSERT INTO SEP_CAYE_RATE_INFO (NRIC,CAYE_APPL_YEAR,CAYE_CON_RATE,INPUT_SOURCE,CREATED_SOURCE,CREATED_BY,CREATED_TS,UPDATED_SOURCE,UPDATED_BY,UPDATED_TS)
VALUES ('S7684531Z','2021','2.5','SEP','BATCH',1,sysdate(),'BATCH',1,sysdate());

Insert into BATCH_JOB (BATCH_JOB_NAME,SCHEDULE,PARAMS,DESCRIPTION,CREATED_BY,CREATED_TS) values ('SYSTEM','NA',null,'INITIAL ONE TIME LOAD',1,sysdate());
Insert into BATCH_JOB (BATCH_JOB_NAME,SCHEDULE,PARAMS,DESCRIPTION,CREATED_BY,CREATED_TS) values ('COMMON_A_P_QUERY_JOB','Adhoc',null,'Extract Database Information thorugh job',1,sysdate());



--Code Master
INSERT INTO CAYE_CODE_INFO (CATEGORY,CODE,DESCRIPTION,CREATED_SOURCE,CREATED_BY,CREATED_TS)
VALUES ('SERVICE TYPE','001','COMPANY REGISTRATION','BATCH',1,sysdate());
INSERT INTO CAYE_CODE_INFO (CATEGORY,CODE,DESCRIPTION,CREATED_SOURCE,CREATED_BY,CREATED_TS)
VALUES ('SERVICE TYPE','002','COMPANY UPDATE','BATCH',1,sysdate());
INSERT INTO CAYE_CODE_INFO (CATEGORY,CODE,DESCRIPTION,CREATED_SOURCE,CREATED_BY,CREATED_TS)
VALUES ('SERVICE TYPE','003','USER REGISTER','BATCH',1,sysdate());



INSERT INTO CAYE_CODE_INFO (CATEGORY,CODE,DESCRIPTION,CREATED_SOURCE,CREATED_BY,CREATED_TS)
VALUES ('PAYMENT STATUS','SUC','SUCCESSFUL','BATCH',1,sysdate());
INSERT INTO CAYE_CODE_INFO (CATEGORY,CODE,DESCRIPTION,CREATED_SOURCE,CREATED_BY,CREATED_TS)
VALUES ('PAYMENT STATUS','REJ','REJECTED','BATCH',1,sysdate());

INSERT INTO CAYE_CODE_INFO (CATEGORY,CODE,DESCRIPTION,CREATED_SOURCE,CREATED_BY,CREATED_TS)
VALUES ('TRANS STATUS','DRA','DRAFT','BATCH',1,sysdate());
INSERT INTO CAYE_CODE_INFO (CATEGORY,CODE,DESCRIPTION,CREATED_SOURCE,CREATED_BY,CREATED_TS)
VALUES ('TRANS STATUS','SUB','SUBMITTED','BATCH',1,sysdate());
INSERT INTO CAYE_CODE_INFO (CATEGORY,CODE,DESCRIPTION,CREATED_SOURCE,CREATED_BY,CREATED_TS)
VALUES ('TRANS STATUS','RET','RETURNED','BATCH',1,sysdate());
INSERT INTO CAYE_CODE_INFO (CATEGORY,CODE,DESCRIPTION,CREATED_SOURCE,CREATED_BY,CREATED_TS)
VALUES ('TRANS STATUS','APP','APPROVED','BATCH',1,sysdate());
INSERT INTO CAYE_CODE_INFO (CATEGORY,CODE,DESCRIPTION,CREATED_SOURCE,CREATED_BY,CREATED_TS)
VALUES ('TRANS STATUS','REJ','REJECTED','BATCH',1,sysdate());
INSERT INTO CAYE_CODE_INFO (CATEGORY,CODE,DESCRIPTION,CREATED_SOURCE,CREATED_BY,CREATED_TS)
VALUES ('TRANS STATUS','CLO','CLOSED','BATCH',1,sysdate());
INSERT INTO CAYE_CODE_INFO (CATEGORY,CODE,DESCRIPTION,CREATED_SOURCE,CREATED_BY,CREATED_TS)
VALUES ('TRANS STATUS','CAN','CANCELLED','BATCH',1,sysdate());


INSERT INTO CAYE_CODE_INFO (CATEGORY,CODE,DESCRIPTION,CREATED_SOURCE,CREATED_BY,CREATED_TS)
VALUES ('CNS STATUS','TBS','TO BE SEND','BATCH',1,sysdate());
INSERT INTO CAYE_CODE_INFO (CATEGORY,CODE,DESCRIPTION,CREATED_SOURCE,CREATED_BY,CREATED_TS)
VALUES ('CNS STATUS','SNT','SENT','BATCH',1,sysdate());


INSERT INTO CAYE_CODE_INFO (CATEGORY,CODE,DESCRIPTION,CREATED_SOURCE,CREATED_BY,CREATED_TS)
VALUES ('NICE STATUS','TBS','TO BE SEND','BATCH',1,sysdate());
INSERT INTO CAYE_CODE_INFO (CATEGORY,CODE,DESCRIPTION,CREATED_SOURCE,CREATED_BY,CREATED_TS)
VALUES ('NICE STATUS','SNT','SENT','BATCH',1,sysdate());



INSERT INTO CAYE_CODE_INFO (CATEGORY,CODE,DESCRIPTION,CREATED_SOURCE,CREATED_BY,CREATED_TS)
VALUES ('EPR STATUS','SUC','SUCCESSFUL','BATCH',1,sysdate());
INSERT INTO CAYE_CODE_INFO (CATEGORY,CODE,DESCRIPTION,CREATED_SOURCE,CREATED_BY,CREATED_TS)
VALUES ('EPR STATUS','UNC','UNSUCCESSFUL','BATCH',1,sysdate());

INSERT INTO CAYE_CODE_INFO (CATEGORY,CODE,DESCRIPTION,CREATED_SOURCE,CREATED_BY,CREATED_TS)
VALUES ('EMAIL STATUS','SEN','SENT','BATCH',1,sysdate());
INSERT INTO CAYE_CODE_INFO (CATEGORY,CODE,DESCRIPTION,CREATED_SOURCE,CREATED_BY,CREATED_TS)
VALUES ('EMAIL STATUS','FAI','FAIL','BATCH',1,sysdate());


INSERT INTO CAYE_CODE_INFO (CATEGORY,CODE,DESCRIPTION,CREATED_SOURCE,CREATED_BY,CREATED_TS)
VALUES ('PAYMENT TYPE','ENE','ENETS','BATCH',1,sysdate());
INSERT INTO CAYE_CODE_INFO (CATEGORY,CODE,DESCRIPTION,CREATED_SOURCE,CREATED_BY,CREATED_TS)
VALUES ('PAYMENT TYPE','BAN','BANK','BATCH',1,sysdate());
INSERT INTO CAYE_CODE_INFO (CATEGORY,CODE,DESCRIPTION,CREATED_SOURCE,CREATED_BY,CREATED_TS)
VALUES ('PAYMENT TYPE','DDA','DDA','BATCH',1,sysdate());


INSERT INTO CAYE_CODE_INFO (CATEGORY,CODE,DESCRIPTION,CREATED_SOURCE,CREATED_BY,CREATED_TS)
VALUES ('SOURCE','SPR','SPRING','BATCH',1,sysdate());
INSERT INTO CAYE_CODE_INFO (CATEGORY,CODE,DESCRIPTION,CREATED_SOURCE,CREATED_BY,CREATED_TS)
VALUES ('SOURCE','ADM','ADMIN USER','BATCH',1,sysdate());
INSERT INTO CAYE_CODE_INFO (CATEGORY,CODE,DESCRIPTION,CREATED_SOURCE,CREATED_BY,CREATED_TS)
VALUES ('SOURCE','BAT','BATCH JOB','BATCH',1,sysdate());

Insert into ADMIN_FUNCTION_INFO (ADMIN_FUNCTION_INFO_ID,FUNCTION_NAME,FUNCTION_CODE,DISPLAY_ORDER,FUNCTION_GROUP,CREATED_SOURCE,CREATED_BY,CREATED_TS,UPDATED_SOURCE,UPDATED_BY,UPDATED_TS) values (11,'Manage Parameter','MANPARAM',6,'ADMIN','BATCH',1,CURRENT_TIMESTAMP,null,null,null);
Insert into ADMIN_FUNCTION_INFO (ADMIN_FUNCTION_INFO_ID,FUNCTION_NAME,FUNCTION_CODE,DISPLAY_ORDER,FUNCTION_GROUP,CREATED_SOURCE,CREATED_BY,CREATED_TS,UPDATED_SOURCE,UPDATED_BY,UPDATED_TS) values (20,'Enquire Transactions','ENQUIRETRANSREC',7,'ADMIN','BATCH',1,CURRENT_TIMESTAMP,null,null,null);
Insert into ADMIN_FUNCTION_INFO (ADMIN_FUNCTION_INFO_ID,FUNCTION_NAME,FUNCTION_CODE,DISPLAY_ORDER,FUNCTION_GROUP,CREATED_SOURCE,CREATED_BY,CREATED_TS,UPDATED_SOURCE,UPDATED_BY,UPDATED_TS) values (22,'View Reports','VIEWREPORT',9,'ADMIN','BATCH',1,CURRENT_TIMESTAMP,null,null,null);
Insert into ADMIN_FUNCTION_INFO (ADMIN_FUNCTION_INFO_ID,FUNCTION_NAME,FUNCTION_CODE,DISPLAY_ORDER,FUNCTION_GROUP,CREATED_SOURCE,CREATED_BY,CREATED_TS,UPDATED_SOURCE,UPDATED_BY,UPDATED_TS) values (23,'View Audit Trail','VIEWAUDITTRL',10,'ADMIN','BATCH',1,CURRENT_TIMESTAMP,null,null,null);
Insert into ADMIN_FUNCTION_INFO (ADMIN_FUNCTION_INFO_ID,FUNCTION_NAME,FUNCTION_CODE,DISPLAY_ORDER,FUNCTION_GROUP,CREATED_SOURCE,CREATED_BY,CREATED_TS,UPDATED_SOURCE,UPDATED_BY,UPDATED_TS) values (24,'Dashboard','DASHBRD',1,'ADMIN','BATCH',1,CURRENT_TIMESTAMP,null,null,null);












INSERT INTO ADMIN_TEAM_INFO (ADMIN_TEAM_INFO_ID,TEAM_NAME,DISPLAY_NAME,VERIFIER_TEAM_ID,ROLES,CREATED_SOURCE) VALUES (1,'MGR_TEAM','MANAGER_TEAM',2,'PREPARER','BATCH');
INSERT INTO ADMIN_TEAM_INFO (ADMIN_TEAM_INFO_ID,TEAM_NAME,DISPLAY_NAME,VERIFIER_TEAM_ID,ROLES,CREATED_SOURCE) VALUES (2,'MGR_TEAM','MANAGER_TEAM',null,'VERIFIER','BATCH');
INSERT INTO ADMIN_TEAM_INFO (ADMIN_TEAM_INFO_ID,TEAM_NAME,DISPLAY_NAME,VERIFIER_TEAM_ID,ROLES,CREATED_SOURCE) VALUES (3,'EMP_TEAM','EMPLOYEE_TEAM',4,'PREPARER','BATCH');
INSERT INTO ADMIN_TEAM_INFO (ADMIN_TEAM_INFO_ID,TEAM_NAME,DISPLAY_NAME,VERIFIER_TEAM_ID,ROLES,CREATED_SOURCE) VALUES (4,'SPT_TEAM','SUPPORT_TEAM',null,'VIEWER','BATCH');


Insert into ADMIN_TEAM_FUNC_MAP (ADMIN_TEAM_FUNC_MAP_ID,ADMIN_FUNCTION_INFO_ID,ADMIN_TEAM_INFO_ID,CREATED_SOURCE,CREATED_BY,CREATED_TS,UPDATED_SOURCE,UPDATED_BY,UPDATED_TS) values (3,11,1,'BATCH',1,CURRENT_TIMESTAMP,null,null,null);
Insert into ADMIN_TEAM_FUNC_MAP (ADMIN_TEAM_FUNC_MAP_ID,ADMIN_FUNCTION_INFO_ID,ADMIN_TEAM_INFO_ID,CREATED_SOURCE,CREATED_BY,CREATED_TS,UPDATED_SOURCE,UPDATED_BY,UPDATED_TS) values (11,20,1,'BATCH',1,CURRENT_TIMESTAMP,null,null,null);
Insert into ADMIN_TEAM_FUNC_MAP (ADMIN_TEAM_FUNC_MAP_ID,ADMIN_FUNCTION_INFO_ID,ADMIN_TEAM_INFO_ID,CREATED_SOURCE,CREATED_BY,CREATED_TS,UPDATED_SOURCE,UPDATED_BY,UPDATED_TS) values (13,22,1,'BATCH',1,CURRENT_TIMESTAMP,null,null,null);
Insert into ADMIN_TEAM_FUNC_MAP (ADMIN_TEAM_FUNC_MAP_ID,ADMIN_FUNCTION_INFO_ID,ADMIN_TEAM_INFO_ID,CREATED_SOURCE,CREATED_BY,CREATED_TS,UPDATED_SOURCE,UPDATED_BY,UPDATED_TS) values (14,23,1,'BATCH',1,CURRENT_TIMESTAMP,null,null,null);
Insert into ADMIN_TEAM_FUNC_MAP (ADMIN_TEAM_FUNC_MAP_ID,ADMIN_FUNCTION_INFO_ID,ADMIN_TEAM_INFO_ID,CREATED_SOURCE,CREATED_BY,CREATED_TS,UPDATED_SOURCE,UPDATED_BY,UPDATED_TS) values (15,24,1,'BATCH',1,CURRENT_TIMESTAMP,null,null,null);

Insert into ADMIN_TEAM_FUNC_MAP (ADMIN_TEAM_FUNC_MAP_ID,ADMIN_FUNCTION_INFO_ID,ADMIN_TEAM_INFO_ID,CREATED_SOURCE,CREATED_BY,CREATED_TS,UPDATED_SOURCE,UPDATED_BY,UPDATED_TS) values (24,20,2,'BATCH',1,CURRENT_TIMESTAMP,null,null,null);
Insert into ADMIN_TEAM_FUNC_MAP (ADMIN_TEAM_FUNC_MAP_ID,ADMIN_FUNCTION_INFO_ID,ADMIN_TEAM_INFO_ID,CREATED_SOURCE,CREATED_BY,CREATED_TS,UPDATED_SOURCE,UPDATED_BY,UPDATED_TS) values (26,22,2,'BATCH',1,CURRENT_TIMESTAMP,null,null,null);
Insert into ADMIN_TEAM_FUNC_MAP (ADMIN_TEAM_FUNC_MAP_ID,ADMIN_FUNCTION_INFO_ID,ADMIN_TEAM_INFO_ID,CREATED_SOURCE,CREATED_BY,CREATED_TS,UPDATED_SOURCE,UPDATED_BY,UPDATED_TS) values (27,23,2,'BATCH',1,CURRENT_TIMESTAMP,null,null,null);
Insert into ADMIN_TEAM_FUNC_MAP (ADMIN_TEAM_FUNC_MAP_ID,ADMIN_FUNCTION_INFO_ID,ADMIN_TEAM_INFO_ID,CREATED_SOURCE,CREATED_BY,CREATED_TS,UPDATED_SOURCE,UPDATED_BY,UPDATED_TS) values (28,24,2,'BATCH',1,CURRENT_TIMESTAMP,null,null,null);



Insert into ADMIN_TEAM_FUNC_MAP (ADMIN_TEAM_FUNC_MAP_ID,ADMIN_FUNCTION_INFO_ID,ADMIN_TEAM_INFO_ID,CREATED_SOURCE,CREATED_BY,CREATED_TS,UPDATED_SOURCE,UPDATED_BY,UPDATED_TS) values (31,11,3,'BATCH',1,CURRENT_TIMESTAMP,null,null,null);
Insert into ADMIN_TEAM_FUNC_MAP (ADMIN_TEAM_FUNC_MAP_ID,ADMIN_FUNCTION_INFO_ID,ADMIN_TEAM_INFO_ID,CREATED_SOURCE,CREATED_BY,CREATED_TS,UPDATED_SOURCE,UPDATED_BY,UPDATED_TS) values (39,20,3,'BATCH',1,CURRENT_TIMESTAMP,null,null,null);
Insert into ADMIN_TEAM_FUNC_MAP (ADMIN_TEAM_FUNC_MAP_ID,ADMIN_FUNCTION_INFO_ID,ADMIN_TEAM_INFO_ID,CREATED_SOURCE,CREATED_BY,CREATED_TS,UPDATED_SOURCE,UPDATED_BY,UPDATED_TS) values (41,22,3,'BATCH',1,CURRENT_TIMESTAMP,null,null,null);
Insert into ADMIN_TEAM_FUNC_MAP (ADMIN_TEAM_FUNC_MAP_ID,ADMIN_FUNCTION_INFO_ID,ADMIN_TEAM_INFO_ID,CREATED_SOURCE,CREATED_BY,CREATED_TS,UPDATED_SOURCE,UPDATED_BY,UPDATED_TS) values (42,23,3,'BATCH',1,CURRENT_TIMESTAMP,null,null,null);
Insert into ADMIN_TEAM_FUNC_MAP (ADMIN_TEAM_FUNC_MAP_ID,ADMIN_FUNCTION_INFO_ID,ADMIN_TEAM_INFO_ID,CREATED_SOURCE,CREATED_BY,CREATED_TS,UPDATED_SOURCE,UPDATED_BY,UPDATED_TS) values (43,24,3,'BATCH',1,CURRENT_TIMESTAMP,null,null,null);


Insert into ADMIN_TEAM_FUNC_MAP (ADMIN_TEAM_FUNC_MAP_ID,ADMIN_FUNCTION_INFO_ID,ADMIN_TEAM_INFO_ID,CREATED_SOURCE,CREATED_BY,CREATED_TS,UPDATED_SOURCE,UPDATED_BY,UPDATED_TS) values (47,20,4,'BATCH',1,CURRENT_TIMESTAMP,null,null,null);

Insert into CAYE_REPORT_INFO (CAYE_REPORT_INFO_ID,REPORT_NAME,REPORT_TYPE,BATCH_JOB_ID,CREATED_SOURCE,CREATED_BY,CREATED_TS,UPDATED_SOURCE,UPDATED_BY,UPDATED_TS) values (1,'IBIS Acknowledgement File','E','99','BATCH',1,CURRENT_TIMESTAMP,null,null,null);

insert into admin_user_info (admin_user_info_id,USER_AD_ID,USER_NAME) VALUES (1,'sabir','MANAGER');
insert into admin_user_info (admin_user_info_id,USER_AD_ID,USER_NAME) VALUES (2,'ahamed','AHAMED');
insert into admin_user_info (admin_user_info_id,USER_AD_ID,USER_NAME) VALUES (3,'mohamed','MOHAMED');


insert into tb_ses_aa_user_profile (USR_ID_NUM,USR_NME) values ('sabir','SABIR');
insert into tb_ses_aa_user_profile (USR_ID_NUM,USR_NME) values ('ahamed','AHAMED');
insert into tb_ses_aa_user_profile (USR_ID_NUM,USR_NME) values ('mohammed','MOHAMED');


insert into tb_ses_aa_user_role (USR_ID_NUM,RSRC_ID_NUM) values ('sabir','MGR_TEAM');
insert into tb_ses_aa_user_role (USR_ID_NUM,RSRC_ID_NUM) values ('ahamed','EMP_TEAM');
insert into tb_ses_aa_user_role (USR_ID_NUM,RSRC_ID_NUM) values ('mohamed','SPT_TEAM');


USE `spring`;
DROP procedure IF EXISTS `PRC_TRUNCATE_TABLE`;


CREATE PROCEDURE `PRC_TRUNCATE_TABLE`(IN tname varchar(50))
BEGIN
SET @t1 =CONCAT('truncate table stg_',tname );
 PREPARE stmt3 FROM @t1;
 EXECUTE stmt3;
 DEALLOCATE PREPARE stmt3;
END



java/cayeDS
java:jboss/jdbc/cayeDS
com.mysql.cj.jdbc.Driver
